{"device_id": "iotconsole-c140d8e7-8f3f-495f-b657-31f4eb6ba7f8", "device_name": "soybean-device", "temperature": 13.67, "pressure": 1032.8, "air-speed": 12.27, "n": 139, "p": 34, "k": 166, "humidity": 46.14924282694554, "capacity": 4834.028923848039, "collected": 4633.674438538713, "humidity_grain": 12.756991296876567, "data_hora": "2023-08-22 19:49:13"}