{"device_id": "iotconsole-c140d8e7-8f3f-495f-b657-31f4eb6ba7f8", "device_name": "soybean-device", "temperature": 13.06, "pressure": 1033.57, "air-speed": 20.75, "n": 177, "p": 59, "k": 261, "humidity": 48.61112391419241, "capacity": 4886.0046231043, "collected": 4431.612775285188, "humidity_grain": 13.009474915928449, "batery": 98.79999999999998, "data_hora": "2023-08-22 20:58:46"}