{"device_id": "iotconsole-c140d8e7-8f3f-495f-b657-31f4eb6ba7f8", "device_name": "soybean-device", "temperature": 17.59, "pressure": 1034.61, "air-speed": 20.19, "n": 107, "p": 14, "k": 118, "humidity": 46.66069291486924, "capacity": 4800.06177269161, "collected": 4588.500925604881, "humidity_grain": 12.941378292662522, "setor": 1, "batery": 98.79999999999998, "data_hora": "2023-08-24 19:58:28"}